{
  "x": 0.5011537075042725,
  "y": -0.40593937039375305,
  "theta": 59.99490634853128,
  "vx": 0.0,
  "vy": 0.0,
  "vtheta": 0.0
}