{
  "x": -0.061808981001377106,
  "y": 0.09773948043584824,
  "theta": -0.8361508510584619,
  "vx": 0.0,
  "vy": 0.0,
  "vtheta": 0.0
}