{
  "x": 0.07819345593452454,
  "y": 0.5833276510238647,
  "theta": -60.419682643203544,
  "vx": 0.0,
  "vy": 0.0,
  "vtheta": 0.0
}